classifier,balanced_accuracy,precision,recall,f1,roc_auc,n_known,n_high_risk,threshold_days
Logistic Regression,0.6434386973180077,0.2564102564102564,0.6896551724137931,0.37383177570093457,0.5957854406130269,173,29,240
Random Forest,0.6336206896551724,0.29411764705882354,0.5172413793103449,0.375,0.5927921455938698,173,29,240
SVM (RBF),0.5984195402298851,0.2235294117647059,0.6551724137931034,0.3333333333333333,0.39415708812260536,173,29,240
Naive Bayes,0.5432231800766283,0.1927710843373494,0.5517241379310345,0.2857142857142857,0.5038314176245211,173,29,240
Gradient Boosting,0.5239463601532567,0.2727272727272727,0.10344827586206896,0.15,0.6076388888888888,173,29,240
Logistic Regression,0.6423111510791366,0.28205128205128205,0.6875,0.4,0.6200539568345323,171,32,270
SVM (RBF),0.6399505395683454,0.27380952380952384,0.71875,0.39655172413793105,0.4170413669064748,171,32,270
Random Forest,0.6084757194244604,0.3,0.46875,0.36585365853658536,0.5739658273381295,171,32,270
Naive Bayes,0.5738534172661871,0.2345679012345679,0.59375,0.336283185840708,0.6019559352517986,171,32,270
Gradient Boosting,0.5180980215827338,0.2727272727272727,0.09375,0.13953488372093023,0.5826214028776979,171,32,270
SVM (RBF),0.5609147609147609,0.25773195876288657,0.6756756756756757,0.373134328358209,0.4698544698544698,167,37,300
Logistic Regression,0.5608108108108107,0.26136363636363635,0.6216216216216216,0.368,0.5625779625779626,167,37,300
Random Forest,0.5469854469854469,0.26666666666666666,0.43243243243243246,0.32989690721649484,0.554989604989605,167,37,300
Gradient Boosting,0.5271309771309771,0.36363636363636365,0.10810810810810811,0.16666666666666666,0.5459459459459459,167,37,300
Naive Bayes,0.49334719334719335,0.21739130434782608,0.5405405405405406,0.31007751937984496,0.5159043659043658,167,37,300
Gradient Boosting,0.5555,0.4666666666666667,0.175,0.2545454545454545,0.5748,165,40,330
Random Forest,0.5405,0.2833333333333333,0.425,0.34,0.5769,165,40,330
Logistic Regression,0.532,0.26373626373626374,0.6,0.366412213740458,0.5914999999999999,165,40,330
Naive Bayes,0.5155,0.25274725274725274,0.575,0.3511450381679389,0.5662,165,40,330
SVM (RBF),0.5045,0.24509803921568626,0.625,0.352112676056338,0.39869999999999994,165,40,330
Random Forest,0.5583333333333333,0.31343283582089554,0.5,0.3853211009174312,0.5597222222222222,162,42,360
Logistic Regression,0.5357142857142857,0.2857142857142857,0.5714285714285714,0.38095238095238093,0.5423611111111111,162,42,360
Naive Bayes,0.5119047619047619,0.2682926829268293,0.5238095238095238,0.3548387096774194,0.49682539682539684,162,42,360
Gradient Boosting,0.5053571428571428,0.2777777777777778,0.11904761904761904,0.16666666666666666,0.5465277777777777,162,42,360
SVM (RBF),0.48333333333333334,0.24705882352941178,0.5,0.33070866141732286,0.4092261904761905,162,42,360
