classifier,outer_fold,best_inner_balanced_accuracy,best_params
Naive Bayes,1,0.5418543543543545,"{""model__alpha"": 0.1, ""model__class_prior"": [0.5, 0.5]}"
Logistic Regression,1,0.548048048048048,"{""model__C"": 1.0, ""model__class_weight"": ""balanced""}"
SVM (RBF),1,0.5695070070070071,"{""model__C"": 10.0, ""model__class_weight"": ""balanced"", ""model__gamma"": ""auto""}"
Random Forest,1,0.5802052052052051,"{""model__class_weight"": ""balanced"", ""model__max_depth"": null, ""model__max_features"": 0.75, ""model__min_samples_leaf"": 10}"
Gradient Boosting,1,0.5325325325325325,"{""model__learning_rate"": 0.05, ""model__max_iter"": 75, ""model__max_leaf_nodes"": 7}"
Naive Bayes,2,0.5556675096148781,"{""model__alpha"": 0.1, ""model__class_prior"": [0.5, 0.5]}"
Logistic Regression,2,0.6617538591222801,"{""model__C"": 10.0, ""model__class_weight"": ""balanced""}"
SVM (RBF),2,0.6220727306253623,"{""model__C"": 1.0, ""model__class_weight"": ""balanced"", ""model__gamma"": ""scale""}"
Random Forest,2,0.6197019387808862,"{""model__class_weight"": ""balanced"", ""model__max_depth"": 6, ""model__max_features"": ""sqrt"", ""model__min_samples_leaf"": 2}"
Gradient Boosting,2,0.5377812022548865,"{""model__learning_rate"": 0.1, ""model__max_iter"": 75, ""model__max_leaf_nodes"": 7}"
Naive Bayes,3,0.5506131131131131,"{""model__alpha"": 0.1, ""model__class_prior"": [0.5, 0.5]}"
Logistic Regression,3,0.5496121121121121,"{""model__C"": 0.1, ""model__class_weight"": ""balanced""}"
SVM (RBF),3,0.5406031031031032,"{""model__C"": 1.0, ""model__class_weight"": ""balanced"", ""model__gamma"": ""auto""}"
Random Forest,3,0.6285035035035035,"{""model__class_weight"": ""balanced"", ""model__max_depth"": 6, ""model__max_features"": 0.75, ""model__min_samples_leaf"": 2}"
Gradient Boosting,3,0.5236486486486487,"{""model__learning_rate"": 0.05, ""model__max_iter"": 150, ""model__max_leaf_nodes"": 7}"
Naive Bayes,4,0.5256506506506508,"{""model__alpha"": 0.1, ""model__class_prior"": [0.5, 0.5]}"
Logistic Regression,4,0.6150525525525525,"{""model__C"": 0.1, ""model__class_weight"": ""balanced""}"
SVM (RBF),4,0.5768268268268268,"{""model__C"": 10.0, ""model__class_weight"": ""balanced"", ""model__gamma"": ""auto""}"
Random Forest,4,0.5788288288288288,"{""model__class_weight"": ""balanced"", ""model__max_depth"": 6, ""model__max_features"": 0.75, ""model__min_samples_leaf"": 2}"
Gradient Boosting,4,0.5,"{""model__learning_rate"": 0.05, ""model__max_iter"": 75, ""model__max_leaf_nodes"": 7}"
Naive Bayes,5,0.5282782782782783,"{""model__alpha"": 0.1, ""model__class_prior"": [0.5, 0.5]}"
Logistic Regression,5,0.5220845845845846,"{""model__C"": 10.0, ""model__class_weight"": ""balanced""}"
SVM (RBF),5,0.5135760760760761,"{""model__C"": 10.0, ""model__class_weight"": ""balanced"", ""model__gamma"": ""auto""}"
Random Forest,5,0.5005005005005004,"{""model__class_weight"": null, ""model__max_depth"": null, ""model__max_features"": 0.75, ""model__min_samples_leaf"": 2}"
Gradient Boosting,5,0.5,"{""model__learning_rate"": 0.05, ""model__max_iter"": 75, ""model__max_leaf_nodes"": 7}"
